	template	product_seq	product_len	product_start	product_end	anneal_limit	template_length
0	VR_6	TACGACTCACTATAGGGCGAATTGGAGCTCGGTACCCAAACACTCCCTCGGTCGGAACTGCACAGTGTAGGAACTGGGTGAATATCTATTGAGAACGAGTATTCCCTTTCGTCTAAACGGGGTGATTCAGCCCACGCCCTATCCGTTGTTCCAGTGTCAACTAGGGCAACCGTATCGGAGGGTACTCGGTCGTGGGTCATATTACGAAAGGTTATACGCAATGCCTACAATTAGATACGACGTCAGGCGGGGAATTCGTCGCAGTGACCGAGGCGAGGAGG	281	0	281	6	281
1	VR_6	TACGACTCACTATAGGGCGAATTGGAGCTCGGTACCCAAACACTCCCTCGGTCGGAACTGCACAGTGTAGGAACTGGGTGAATATCTATTGAGAACGAGTATTCCCTTTCGTCTAAACGGGGTGATTCAGCCCACGCCCTATCCGTTGTTCCAGTGTCAACTAGGGCAACCGTATCGGAGGGTACTCGGTCGTGGGTCATATTACGAAAGGTTATACGCAATGCCTACAATTAGATACGACGTCAGGCGGGGAATTCGTCGCAGTGACCGAGGCGAGGAGG	281	0	281	7	281
2	VR_6	TACGACTCACTATAGGGCGAATTGGAGCTCGGTACCCAAACACTCCCTCGGTCGGAACTGCACAGTGTAGGAACTGGGTGAATATCTATTGAGAACGAGTATTCCCTTTCGTCTAAACGGGGTGATTCAGCCCACGCCCTATCCGTTGTTCCAGTGTCAACTAGGGCAACCGTATCGGAGGGTACTCGGTCGTGGGTCATATTACGAAAGGTTATACGCAATGCCTACAATTAGATACGACGTCAGGCGGGGAATTCGTCGCAGTGACCGAGGCGAGGAGG	281	0	281	8	281
3	VR_6	TACGACTCACTATAGGGCGAATTGGAGCTCGGTACCCAAACACTCCCTCGGTCGGAACTGCACAGTGTAGGAACTGGGTGAATATCTATTGAGAACGAGTATTCCCTTTCGTCTAAACGGGGTGATTCAGCCCACGCCCTATCCGTTGTTCCAGTGTCAACTAGGGCAACCGTATCGGAGGGTACTCGGTCGTGGGTCATATTACGAAAGGTTATACGCAATGCCTACAATTAGATACGACGTCAGGCGGGGAATTCGTCGCAGTGACCGAGGCGAGGAGG	281	0	281	9	281
4	VR_6	TACGACTCACTATAGGGCGAATTGGAGCTCGGTACCCAAACACTCCCTCGGTCGGAACTGCACAGTGTAGGAACTGGGTGAATATCTATTGAGAACGAGTATTCCCTTTCGTCTAAACGGGGTGATTCAGCCCACGCCCTATCCGTTGTTCCAGTGTCAACTAGGGCAACCGTATCGGAGGGTACTCGGTCGTGGGTCATATTACGAAAGGTTATACGCAATGCCTACAATTAGATACGACGTCAGGCGGGGAATTCGTCGCAGTGACCGAGGCGAGGAGG	281	0	281	10	281
5	VR_6	TACGACTCACTATAGGGCGAATTGGAGCTCGGTACCCAAACACTCCCTCGGTCGGAACTGCACAGTGTAGGAACTGGGTGAATATCTATTGAGAACGAGTATTCCCTTTCGTCTAAACGGGGTGATTCAGCCCACGCCCTATCCGTTGTTCCAGTGTCAACTAGGGCAACCGTATCGGAGGGTACTCGGTCGTGGGTCATATTACGAAAGGTTATACGCAATGCCTACAATTAGATACGACGTCAGGCGGGGAATTCGTCGCAGTGACCGAGGCGAGGAGG	281	0	281	11	281
6	VR_6	TACGACTCACTATAGGGCGAATTGGAGCTCGGTACCCAAACACTCCCTCGGTCGGAACTGCACAGTGTAGGAACTGGGTGAATATCTATTGAGAACGAGTATTCCCTTTCGTCTAAACGGGGTGATTCAGCCCACGCCCTATCCGTTGTTCCAGTGTCAACTAGGGCAACCGTATCGGAGGGTACTCGGTCGTGGGTCATATTACGAAAGGTTATACGCAATGCCTACAATTAGATACGACGTCAGGCGGGGAATTCGTCGCAGTGACCGAGGCGAGGAGG	281	0	281	12	281
7	VR_6	TACGACTCACTATAGGGCGAATTGGAGCTCGGTACCCAAACACTCCCTCGGTCGGAACTGCACAGTGTAGGAACTGGGTGAATATCTATTGAGAACGAGTATTCCCTTTCGTCTAAACGGGGTGATTCAGCCCACGCCCTATCCGTTGTTCCAGTGTCAACTAGGGCAACCGTATCGGAGGGTACTCGGTCGTGGGTCATATTACGAAAGGTTATACGCAATGCCTACAATTAGATACGACGTCAGGCGGGGAATTCGTCGCAGTGACCGAGGCGAGGAGG	281	0	281	13	281
8	VR_6	TACGACTCACTATAGGGCGAATTGGAGCTCGGTACCCAAACACTCCCTCGGTCGGAACTGCACAGTGTAGGAACTGGGTGAATATCTATTGAGAACGAGTATTCCCTTTCGTCTAAACGGGGTGATTCAGCCCACGCCCTATCCGTTGTTCCAGTGTCAACTAGGGCAACCGTATCGGAGGGTACTCGGTCGTGGGTCATATTACGAAAGGTTATACGCAATGCCTACAATTAGATACGACGTCAGGCGGGGAATTCGTCGCAGTGACCGAGGCGAGGAGG	281	0	281	14	281
9	VR_6	TACGACTCACTATAGGGCGAATTGGAGCTCGGTACCCAAACACTCCCTCGGTCGGAACTGCACAGTGTAGGAACTGGGTGAATATCTATTGAGAACGAGTATTCCCTTTCGTCTAAACGGGGTGATTCAGCCCACGCCCTATCCGTTGTTCCAGTGTCAACTAGGGCAACCGTATCGGAGGGTACTCGGTCGTGGGTCATATTACGAAAGGTTATACGCAATGCCTACAATTAGATACGACGTCAGGCGGGGAATTCGTCGCAGTGACCGAGGCGAGGAGG	281	0	281	15	281
10	VR_6	TACGACTCACTATAGGGCGAATTGGAGCTCGGTACCCAAACACTCCCTCGGTCGGAACTGCACAGTGTAGGAACTGGGTGAATATCTATTGAGAACGAGTATTCCCTTTCGTCTAAACGGGGTGATTCAGCCCACGCCCTATCCGTTGTTCCAGTGTCAACTAGGGCAACCGTATCGGAGGGTACTCGGTCGTGGGTCATATTACGAAAGGTTATACGCAATGCCTACAATTAGATACGACGTCAGGCGGGGAATTCGTCGCAGTGACCGAGGCGAGGAGG	281	0	281	16	281
11	VR_6	TACGACTCACTATAGGGCGAATTGGAGCTCGGTACCCAAACACTCCCTCGGTCGGAACTGCACAGTGTAGGAACTGGGTGAATATCTATTGAGAACGAGTATTCCCTTTCGTCTAAACGGGGTGATTCAGCCCACGCCCTATCCGTTGTTCCAGTGTCAACTAGGGCAACCGTATCGGAGGGTACTCGGTCGTGGGTCATATTACGAAAGGTTATACGCAATGCCTACAATTAGATACGACGTCAGGCGGGGAATTCGTCGCAGTGACCGAGGCGAGGAGG	281	0	281	17	281
